Netzbetreiber	dürfen
Sie	achten
alles	ist
Transfer	konnte
es	laesst
man	darf
vagina	ist
das	ist
Liebeshoroskop	prophezeit
das	war
ist	war
Erzählung	ist
beiträgt	ist
er	könne
er	wusste
das	sieht
es	kommt
Wir	erzählen
Gelände	ist
glaubt	ist
das	heißt
ich	fürchte
Kommunikation	ist
Kinder	sind
Hund	soll
sie	konsumieren
Sie	funktioniert
sie	ist
Sie	können
man	ist
was	ist
wird	ist
was	ist
soll	ist
Graffiti-Künstler	treibt
alle	haben
Ich	finde
ich	möchte
meisten	werden
Sie	beabsichtigen
Eindruck	ist
es	ist
Sie	wissen
Problem	ist
man	kann
Sie	entscheiden
Südtirol-Engagement	ist
Erkenntnisse	werden
Gericht	kann
Abzuwarten	ist
ergeben	ist
Sie	Achten
Sie	Achten
ADROVANCE	enthält
Roulettespiel	ist
Ahrok	müssen
Runen	stehen
Bulc	stellt
Wir	danken
Kakao	ist
Er	gedeiht
das	ist
Sturm	lässt
aufwachen	wollen
Beteiligten	sind
Einrichtungen	sind
Fans	werden
Großen	kaufen
Lage	ließen
Vorfreude	ist
Üben	macht
wirst	ist
Kabel	müssen
ist	undzwar
das	ist
ich	bin
es	bleibt
sie	hat
Grenze	ist
diese	ist
es	ist
sie	kann
ich	komme
Timo	machte
man	merkt
ist	werden
Gardasil	schützt
Schlussfolgerung	sollte
Alle	reden
Referrals	sind
Alle	sahen
andere	birgt
Alles	ist
ist	gehört
Sie	nähren
Materialien	sorgen
more	ist
birkins	ist
er	sodass
Gerätewagen	dient
ich	bin
M.	organisiert
sie	fällt
er	stellte
er	habe
Moral	steht
er	sieht
Modell	kommt
ich	habe
sie	weiß
er	antwortet
Gesamtwert	gilt
Papa	heiratet
habe	ist
ist	ist
ich	stöhne
Studien	braucht
Arbeit	prophezeit
ihnen	erzählen
mich	fürchte
Produkte	konsumieren
Grund	gibt
was	treibt
Worte	finde
Lactose	enthält
BMBF	danken
sich	kaufen
Sinn	macht
Geräten	ist
Nachteil	hat
Kaphengst	machte
Spiel	sahen
Glanz	sahen
Hände	sahen
Minuten	kochen
Designer	nähren
mir	organisiert
das	sieht
Fax	sieht
Anzeige	antwortet
Netzbetreiber	dürfen
Sie	achten
alles	ist
Transfer	konnte
es	laesst
man	darf
vagina	ist
das	ist
Liebeshoroskop	prophezeit
das	war
ist	war
Erzählung	ist
beiträgt	ist
er	könne
er	wusste
das	sieht
es	kommt
Wir	erzählen
Gelände	ist
glaubt	ist
das	heißt
ich	fürchte
Kommunikation	ist
Kinder	sind
Hund	soll
sie	konsumieren
Sie	funktioniert
sie	ist
Sie	können
man	ist
was	ist
wird	ist
was	ist
soll	ist
Graffiti-Künstler	treibt
alle	haben
Ich	finde
ich	möchte
meisten	werden
Sie	beabsichtigen
Eindruck	ist
es	ist
Sie	wissen
Problem	ist
man	kann
Sie	entscheiden
Südtirol-Engagement	ist
Erkenntnisse	werden
Gericht	kann
Abzuwarten	ist
ergeben	ist
Sie	Achten
Sie	Achten
ADROVANCE	enthält
Roulettespiel	ist
Ahrok	müssen
Runen	stehen
Bulc	stellt
Wir	danken
Kakao	ist
Er	gedeiht
das	ist
Sturm	lässt
aufwachen	wollen
Beteiligten	sind
Einrichtungen	sind
Fans	werden
Großen	kaufen
Lage	ließen
Vorfreude	ist
Üben	macht
wirst	ist
Kabel	müssen
ist	undzwar
das	ist
ich	bin
es	bleibt
sie	hat
Grenze	ist
diese	ist
es	ist
sie	kann
ich	komme
Timo	machte
man	merkt
ist	werden
Gardasil	schützt
Schlussfolgerung	sollte
Alle	reden
Referrals	sind
Alle	sahen
andere	birgt
Alles	ist
ist	gehört
Sie	nähren
Materialien	sorgen
more	ist
birkins	ist
er	sodass
Gerätewagen	dient
ich	bin
M.	organisiert
sie	fällt
er	stellte
er	habe
Moral	steht
er	sieht
Modell	kommt
ich	habe
sie	weiß
er	antwortet
Gesamtwert	gilt
Papa	heiratet
habe	ist
ist	ist
ich	stöhne
Studien	braucht
Arbeit	prophezeit
ihnen	erzählen
mich	fürchte
Produkte	konsumieren
Grund	gibt
was	treibt
Worte	finde
Lactose	enthält
BMBF	danken
sich	kaufen
Sinn	macht
Geräten	ist
Nachteil	hat
Kaphengst	machte
Spiel	sahen
Glanz	sahen
Hände	sahen
Minuten	kochen
Designer	nähren
mir	organisiert
das	sieht
Fax	sieht
Anzeige	antwortet
Netzbetreiber	dürfen
Sie	achten
alles	ist
Transfer	konnte
es	laesst
man	darf
vagina	ist
das	ist
Liebeshoroskop	prophezeit
das	war
ist	war
Erzählung	ist
beiträgt	ist
er	könne
er	wusste
das	sieht
es	kommt
Wir	erzählen
Gelände	ist
glaubt	ist
das	heißt
ich	fürchte
Kommunikation	ist
Kinder	sind
Hund	soll
sie	konsumieren
Sie	funktioniert
sie	ist
Sie	können
man	ist
was	ist
wird	ist
was	ist
soll	ist
Graffiti-Künstler	treibt
alle	haben
Ich	finde
ich	möchte
meisten	werden
Sie	beabsichtigen
Eindruck	ist
es	ist
Sie	wissen
Problem	ist
man	kann
Sie	entscheiden
Südtirol-Engagement	ist
Erkenntnisse	werden
Gericht	kann
Abzuwarten	ist
ergeben	ist
Sie	Achten
Sie	Achten
ADROVANCE	enthält
Roulettespiel	ist
Ahrok	müssen
Runen	stehen
Bulc	stellt
Wir	danken
Kakao	ist
Er	gedeiht
das	ist
Sturm	lässt
aufwachen	wollen
Beteiligten	sind
Einrichtungen	sind
Fans	werden
Großen	kaufen
Lage	ließen
Vorfreude	ist
Üben	macht
wirst	ist
Kabel	müssen
ist	undzwar
das	ist
ich	bin
es	bleibt
sie	hat
Grenze	ist
diese	ist
es	ist
sie	kann
ich	komme
Timo	machte
man	merkt
ist	werden
Gardasil	schützt
Schlussfolgerung	sollte
Alle	reden
Referrals	sind
Alle	sahen
andere	birgt
Alles	ist
ist	gehört
Sie	nähren
Materialien	sorgen
more	ist
birkins	ist
er	sodass
Gerätewagen	dient
ich	bin
M.	organisiert
sie	fällt
er	stellte
er	habe
Moral	steht
er	sieht
Modell	kommt
ich	habe
sie	weiß
er	antwortet
Gesamtwert	gilt
Papa	heiratet
habe	ist
ist	ist
ich	stöhne
Studien	braucht
Arbeit	prophezeit
ihnen	erzählen
mich	fürchte
Produkte	konsumieren
Grund	gibt
was	treibt
Worte	finde
Lactose	enthält
BMBF	danken
sich	kaufen
Sinn	macht
Geräten	ist
Nachteil	hat
Kaphengst	machte
Spiel	sahen
Glanz	sahen
Hände	sahen
Minuten	kochen
Designer	nähren
mir	organisiert
das	sieht
Fax	sieht
Anzeige	antwortet
Netzbetreiber	dürfen
Sie	achten
alles	ist
Transfer	konnte
es	laesst
man	darf
vagina	ist
das	ist
Liebeshoroskop	prophezeit
das	war
ist	war
Erzählung	ist
beiträgt	ist
er	könne
er	wusste
das	sieht
es	kommt
Wir	erzählen
Gelände	ist
glaubt	ist
das	heißt
ich	fürchte
Kommunikation	ist
Kinder	sind
Hund	soll
sie	konsumieren
Sie	funktioniert
sie	ist
Sie	können
man	ist
was	ist
wird	ist
was	ist
soll	ist
Graffiti-Künstler	treibt
alle	haben
Ich	finde
ich	möchte
meisten	werden
Sie	beabsichtigen
Eindruck	ist
es	ist
Sie	wissen
Problem	ist
man	kann
Sie	entscheiden
Südtirol-Engagement	ist
Erkenntnisse	werden
Gericht	kann
Abzuwarten	ist
ergeben	ist
Sie	Achten
Sie	Achten
ADROVANCE	enthält
Roulettespiel	ist
Ahrok	müssen
Runen	stehen
Bulc	stellt
Wir	danken
Kakao	ist
Er	gedeiht
das	ist
Sturm	lässt
aufwachen	wollen
Beteiligten	sind
Einrichtungen	sind
Fans	werden
Großen	kaufen
Lage	ließen
Vorfreude	ist
Üben	macht
wirst	ist
Kabel	müssen
ist	undzwar
das	ist
ich	bin
es	bleibt
sie	hat
Grenze	ist
diese	ist
es	ist
sie	kann
ich	komme
Timo	machte
man	merkt
ist	werden
Gardasil	schützt
Schlussfolgerung	sollte
Alle	reden
Referrals	sind
Alle	sahen
andere	birgt
Alles	ist
ist	gehört
Sie	nähren
Materialien	sorgen
more	ist
birkins	ist
er	sodass
Gerätewagen	dient
ich	bin
M.	organisiert
sie	fällt
er	stellte
er	habe
Moral	steht
er	sieht
Modell	kommt
ich	habe
sie	weiß
er	antwortet
Gesamtwert	gilt
Papa	heiratet
habe	ist
ist	ist
ich	stöhne
Studien	braucht
Arbeit	prophezeit
ihnen	erzählen
mich	fürchte
Produkte	konsumieren
Grund	gibt
was	treibt
Worte	finde
Lactose	enthält
BMBF	danken
sich	kaufen
Sinn	macht
Geräten	ist
Nachteil	hat
Kaphengst	machte
Spiel	sahen
Glanz	sahen
Hände	sahen
Minuten	kochen
Designer	nähren
mir	organisiert
das	sieht
Fax	sieht
Anzeige	antwortet
diesen	Endkunden
dem	Netz
der	Realität
der	Prostitution
der	EM
der	Vaginanicht
einer	Beziehung
festen	Beziehung
zwei	Monate
die	Staaten
ihren	Peterl
der	Sache
ganzen	Sache
bestimmten	Leuten
religiöse	Grenzen
seiner	Verhältnisse
den	Reformen
nötigen	Reformen
der	EU
seine	Standortentscheidungen
die	Ukraine
die	Separatisten
der	Rebellenhochburg
einem	Kampf
den	Tagen
vergangenen	Tagen
bloße	Kulthandlungen
irgendwelchen	Taten
dem	Tag
der	Beziehung
dem	Angriff
heutigen	Angriff
die	Demokratie
Janukowitsch	Herr
die	Ernährung
einem	Weg
guten	Weg
deutschen	Sprache
einem	Winkel
guten	Winkel
des	Sparzwangs
wahlloses	Beschmieren
flotte	Dreier
den	Blick
ersten	Blick
Ihre	Hause
der	Region
die	tilgen
rechter	Ideologie
die	Politik
87	Artikel
§	Artikel
2	§
den	Parteien
die	Entwicklung
diesen	Ports
beide	Richtungen
den	Fesseln
Ihrem	Arzt
einer	Unverträglichkeit
bestimmten	Zuckern
der	Nähe
einem	Untoten
294	Gold
die	Technologiebeurteilung
detaillierte	Technologiebeurteilung
die	Unterstützung
fortwährende	Unterstützung
einem	Streifen
schmalen	Streifen
des	Äquators
verstärktem	Maße
der	OEF
die	Sammlung
der	Jahrhundertwende
des	Anliegerverkehrs
normalen	Anliegerverkehrs
einem	Grinsen
breiten	Grinsen
Deinem	Rücken
die	Brücke
freiem	Willen
gegenseitigem	Einverständnis
das	NAVSTAR
das	Bewußtsein
wahrsten	Sinne
türkischen	Staat
Abujas	Zentrum
einer	AI-Veranstaltung
größtem	Erschrecken
seinem	Vortrag
den	Sektorpolitiken
relevanten	Sektorpolitiken
einer	Professionellen
eine	Abfertigung
schnelle	Abfertigung
die	Öffentlichkeit
solchen	Fällen
die	HPV-Typen
die	Gewährung
dem	Zeitpunkt
jedem	Fall
den	Augen
die	Ambulanz
niedriger	Temperatur
2	Loxstedt
2	Loxstedt
diese	Blankoausgabe
fucking	Blankoausgabe
dem	Arm
every	Schauspielerin
bessere	Wahl
die	Klauen
den	Hallen
2	Gefahrgut
das	Ergebnis
gute	Ergebnis
die	Regionalpolitik
das	Training
einer	Facebookgruppe
eine	Depression
dem	rock
der	Bewusstlosigkeit
dem	durchschlagen
den	Grund
dem	Prüfstand
seiner	Vergangenheit
eigenen	Vergangenheit
der	Raumkapsel
seinem	Sohn
erste	Uhr
der	fenix-Reihe
einem	Herzfrequenzsensor
integrierten	Herzfrequenzsensor
optischen	Herzfrequenzsensor
ersten	mal
näheren	Berührungen
25	cm
6	cm
welchen	Schwierigkeiten
seiner	Bdsm
mann	Bdsm
nationaler	Ebene
einem	Hund
normalen	Alltagsleben
eine	Ecke
schlimm	ist
geilste	ist
Frage	ist
klar	war
unlogisch	ist
unbestreitbar	ist
Fakt	ist
Abergläubisch	ist
Basis	ist
zuversichtlich	ist
auffällt	ist
schwierig	ist
Abgesehen	ist
mehr	ist
Themen	ist
möglich	ist
Zurückziehungsmöglichkeiten	sind
Kind	ist
einig	sind
Partner	sind
Vorteil	ist
gemein	ist
Satellitensystem	sind
fraglich	bleibt
Teil	ist
Hochgeschwindigkeits-Internetanschluss	ist
Alles	ist
was	ist
Recht	ist
Lindy	ist
erfreut	bin
diesen	Endkunden
dem	Netz
der	Realität
der	Prostitution
der	EM
der	Vaginanicht
einer	Beziehung
festen	Beziehung
zwei	Monate
die	Staaten
ihren	Peterl
der	Sache
ganzen	Sache
bestimmten	Leuten
religiöse	Grenzen
seiner	Verhältnisse
den	Reformen
nötigen	Reformen
der	EU
seine	Standortentscheidungen
die	Ukraine
die	Separatisten
der	Rebellenhochburg
einem	Kampf
den	Tagen
vergangenen	Tagen
bloße	Kulthandlungen
irgendwelchen	Taten
dem	Tag
der	Beziehung
dem	Angriff
heutigen	Angriff
die	Demokratie
Janukowitsch	Herr
die	Ernährung
einem	Weg
guten	Weg
deutschen	Sprache
einem	Winkel
guten	Winkel
des	Sparzwangs
wahlloses	Beschmieren
flotte	Dreier
den	Blick
ersten	Blick
Ihre	Hause
der	Region
die	tilgen
rechter	Ideologie
die	Politik
87	Artikel
§	Artikel
2	§
den	Parteien
die	Entwicklung
diesen	Ports
beide	Richtungen
den	Fesseln
Ihrem	Arzt
einer	Unverträglichkeit
bestimmten	Zuckern
der	Nähe
einem	Untoten
294	Gold
die	Technologiebeurteilung
detaillierte	Technologiebeurteilung
die	Unterstützung
fortwährende	Unterstützung
einem	Streifen
schmalen	Streifen
des	Äquators
verstärktem	Maße
der	OEF
die	Sammlung
der	Jahrhundertwende
des	Anliegerverkehrs
normalen	Anliegerverkehrs
einem	Grinsen
breiten	Grinsen
Deinem	Rücken
die	Brücke
freiem	Willen
gegenseitigem	Einverständnis
das	NAVSTAR
das	Bewußtsein
wahrsten	Sinne
türkischen	Staat
Abujas	Zentrum
einer	AI-Veranstaltung
größtem	Erschrecken
seinem	Vortrag
den	Sektorpolitiken
relevanten	Sektorpolitiken
einer	Professionellen
eine	Abfertigung
schnelle	Abfertigung
die	Öffentlichkeit
solchen	Fällen
die	HPV-Typen
die	Gewährung
dem	Zeitpunkt
jedem	Fall
den	Augen
die	Ambulanz
niedriger	Temperatur
2	Loxstedt
2	Loxstedt
diese	Blankoausgabe
fucking	Blankoausgabe
dem	Arm
every	Schauspielerin
bessere	Wahl
die	Klauen
den	Hallen
2	Gefahrgut
das	Ergebnis
gute	Ergebnis
die	Regionalpolitik
das	Training
einer	Facebookgruppe
eine	Depression
dem	rock
der	Bewusstlosigkeit
dem	durchschlagen
den	Grund
dem	Prüfstand
seiner	Vergangenheit
eigenen	Vergangenheit
der	Raumkapsel
seinem	Sohn
erste	Uhr
der	fenix-Reihe
einem	Herzfrequenzsensor
integrierten	Herzfrequenzsensor
optischen	Herzfrequenzsensor
ersten	mal
näheren	Berührungen
25	cm
6	cm
welchen	Schwierigkeiten
seiner	Bdsm
mann	Bdsm
nationaler	Ebene
einem	Hund
normalen	Alltagsleben
eine	Ecke
schlimm	ist
geilste	ist
Frage	ist
klar	war
unlogisch	ist
unbestreitbar	ist
Fakt	ist
Abergläubisch	ist
Basis	ist
zuversichtlich	ist
auffällt	ist
schwierig	ist
Abgesehen	ist
mehr	ist
Themen	ist
möglich	ist
Zurückziehungsmöglichkeiten	sind
Kind	ist
einig	sind
Partner	sind
Vorteil	ist
gemein	ist
Satellitensystem	sind
fraglich	bleibt
Teil	ist
Hochgeschwindigkeits-Internetanschluss	ist
Alles	ist
was	ist
Recht	ist
Lindy	ist
erfreut	bin
diesen	Endkunden
dem	Netz
der	Realität
der	Prostitution
der	EM
der	Vaginanicht
einer	Beziehung
festen	Beziehung
zwei	Monate
die	Staaten
ihren	Peterl
der	Sache
ganzen	Sache
bestimmten	Leuten
religiöse	Grenzen
seiner	Verhältnisse
den	Reformen
nötigen	Reformen
der	EU
seine	Standortentscheidungen
die	Ukraine
die	Separatisten
der	Rebellenhochburg
einem	Kampf
den	Tagen
vergangenen	Tagen
bloße	Kulthandlungen
irgendwelchen	Taten
dem	Tag
der	Beziehung
dem	Angriff
heutigen	Angriff
die	Demokratie
Janukowitsch	Herr
die	Ernährung
einem	Weg
guten	Weg
deutschen	Sprache
einem	Winkel
guten	Winkel
des	Sparzwangs
wahlloses	Beschmieren
flotte	Dreier
den	Blick
ersten	Blick
Ihre	Hause
der	Region
die	tilgen
rechter	Ideologie
die	Politik
87	Artikel
§	Artikel
2	§
den	Parteien
die	Entwicklung
diesen	Ports
beide	Richtungen
den	Fesseln
Ihrem	Arzt
einer	Unverträglichkeit
bestimmten	Zuckern
der	Nähe
einem	Untoten
294	Gold
die	Technologiebeurteilung
detaillierte	Technologiebeurteilung
die	Unterstützung
fortwährende	Unterstützung
einem	Streifen
schmalen	Streifen
des	Äquators
verstärktem	Maße
der	OEF
die	Sammlung
der	Jahrhundertwende
des	Anliegerverkehrs
normalen	Anliegerverkehrs
einem	Grinsen
breiten	Grinsen
Deinem	Rücken
die	Brücke
freiem	Willen
gegenseitigem	Einverständnis
das	NAVSTAR
das	Bewußtsein
wahrsten	Sinne
türkischen	Staat
Abujas	Zentrum
einer	AI-Veranstaltung
größtem	Erschrecken
seinem	Vortrag
den	Sektorpolitiken
relevanten	Sektorpolitiken
einer	Professionellen
eine	Abfertigung
schnelle	Abfertigung
die	Öffentlichkeit
solchen	Fällen
die	HPV-Typen
die	Gewährung
dem	Zeitpunkt
jedem	Fall
den	Augen
die	Ambulanz
niedriger	Temperatur
2	Loxstedt
2	Loxstedt
diese	Blankoausgabe
fucking	Blankoausgabe
dem	Arm
every	Schauspielerin
bessere	Wahl
die	Klauen
den	Hallen
2	Gefahrgut
das	Ergebnis
gute	Ergebnis
die	Regionalpolitik
das	Training
einer	Facebookgruppe
eine	Depression
dem	rock
der	Bewusstlosigkeit
dem	durchschlagen
den	Grund
dem	Prüfstand
seiner	Vergangenheit
eigenen	Vergangenheit
der	Raumkapsel
seinem	Sohn
erste	Uhr
der	fenix-Reihe
einem	Herzfrequenzsensor
integrierten	Herzfrequenzsensor
optischen	Herzfrequenzsensor
ersten	mal
näheren	Berührungen
25	cm
6	cm
welchen	Schwierigkeiten
seiner	Bdsm
mann	Bdsm
nationaler	Ebene
einem	Hund
normalen	Alltagsleben
eine	Ecke
schlimm	ist
geilste	ist
Frage	ist
klar	war
unlogisch	ist
unbestreitbar	ist
Fakt	ist
Abergläubisch	ist
Basis	ist
zuversichtlich	ist
auffällt	ist
schwierig	ist
Abgesehen	ist
mehr	ist
Themen	ist
möglich	ist
Zurückziehungsmöglichkeiten	sind
Kind	ist
einig	sind
Partner	sind
Vorteil	ist
gemein	ist
Satellitensystem	sind
fraglich	bleibt
Teil	ist
Hochgeschwindigkeits-Internetanschluss	ist
Alles	ist
was	ist
Recht	ist
Lindy	ist
erfreut	bin
diesen	Endkunden
dem	Netz
der	Realität
der	Prostitution
der	EM
der	Vaginanicht
einer	Beziehung
festen	Beziehung
zwei	Monate
die	Staaten
ihren	Peterl
der	Sache
ganzen	Sache
bestimmten	Leuten
religiöse	Grenzen
seiner	Verhältnisse
den	Reformen
nötigen	Reformen
der	EU
seine	Standortentscheidungen
die	Ukraine
die	Separatisten
der	Rebellenhochburg
einem	Kampf
den	Tagen
vergangenen	Tagen
bloße	Kulthandlungen
irgendwelchen	Taten
dem	Tag
der	Beziehung
dem	Angriff
heutigen	Angriff
die	Demokratie
Janukowitsch	Herr
die	Ernährung
einem	Weg
guten	Weg
deutschen	Sprache
einem	Winkel
guten	Winkel
des	Sparzwangs
wahlloses	Beschmieren
flotte	Dreier
den	Blick
ersten	Blick
Ihre	Hause
der	Region
die	tilgen
rechter	Ideologie
die	Politik
87	Artikel
§	Artikel
2	§
den	Parteien
die	Entwicklung
diesen	Ports
beide	Richtungen
den	Fesseln
Ihrem	Arzt
einer	Unverträglichkeit
bestimmten	Zuckern
der	Nähe
einem	Untoten
294	Gold
die	Technologiebeurteilung
detaillierte	Technologiebeurteilung
die	Unterstützung
fortwährende	Unterstützung
einem	Streifen
schmalen	Streifen
des	Äquators
verstärktem	Maße
der	OEF
die	Sammlung
der	Jahrhundertwende
des	Anliegerverkehrs
normalen	Anliegerverkehrs
einem	Grinsen
breiten	Grinsen
Deinem	Rücken
die	Brücke
freiem	Willen
gegenseitigem	Einverständnis
das	NAVSTAR
das	Bewußtsein
wahrsten	Sinne
türkischen	Staat
Abujas	Zentrum
einer	AI-Veranstaltung
größtem	Erschrecken
seinem	Vortrag
den	Sektorpolitiken
relevanten	Sektorpolitiken
einer	Professionellen
eine	Abfertigung
schnelle	Abfertigung
die	Öffentlichkeit
solchen	Fällen
die	HPV-Typen
die	Gewährung
dem	Zeitpunkt
jedem	Fall
den	Augen
die	Ambulanz
niedriger	Temperatur
2	Loxstedt
2	Loxstedt
diese	Blankoausgabe
fucking	Blankoausgabe
dem	Arm
every	Schauspielerin
bessere	Wahl
die	Klauen
den	Hallen
2	Gefahrgut
das	Ergebnis
gute	Ergebnis
die	Regionalpolitik
das	Training
einer	Facebookgruppe
eine	Depression
dem	rock
der	Bewusstlosigkeit
dem	durchschlagen
den	Grund
dem	Prüfstand
seiner	Vergangenheit
eigenen	Vergangenheit
der	Raumkapsel
seinem	Sohn
erste	Uhr
der	fenix-Reihe
einem	Herzfrequenzsensor
integrierten	Herzfrequenzsensor
optischen	Herzfrequenzsensor
ersten	mal
näheren	Berührungen
25	cm
6	cm
welchen	Schwierigkeiten
seiner	Bdsm
mann	Bdsm
nationaler	Ebene
einem	Hund
normalen	Alltagsleben
eine	Ecke
schlimm	ist
geilste	ist
Frage	ist
klar	war
unlogisch	ist
unbestreitbar	ist
Fakt	ist
Abergläubisch	ist
Basis	ist
zuversichtlich	ist
auffällt	ist
schwierig	ist
Abgesehen	ist
mehr	ist
Themen	ist
möglich	ist
Zurückziehungsmöglichkeiten	sind
Kind	ist
einig	sind
Partner	sind
Vorteil	ist
gemein	ist
Satellitensystem	sind
fraglich	bleibt
Teil	ist
Hochgeschwindigkeits-Internetanschluss	ist
Alles	ist
was	ist
Recht	ist
Lindy	ist
erfreut	bin
ist	schlimm
ist	geilste
ist	Frage
war	klar
ist	unlogisch
ist	unbestreitbar
ist	Fakt
ist	Abergläubisch
ist	Basis
ist	zuversichtlich
ist	auffällt
ist	schwierig
ist	Abgesehen
ist	mehr
ist	Themen
ist	möglich
sind	Zurückziehungsmöglichkeiten
ist	Kind
sind	einig
sind	Partner
ist	Vorteil
ist	gemein
sind	Satellitensystem
bleibt	fraglich
ist	Teil
ist	Hochgeschwindigkeits-Internetanschluss
ist	Alles
ist	was
ist	Recht
ist	Lindy
bin	erfreut
ist	Eigenverbrauchsquote
ist	VLH
waren	überrascht
ist	unmenschlich
ist	Partner
ist	gesund
geworden	etwas
geworden	Symbol
geworden	blutig
ist	interessant
gewesen	Ferienprogramm
ist	Freund
ist	Feind
ist	unhaltbar
ist	Solitär
ist	eines
ist	schlug
ist	Technologie
machen	hässlich
ist	funktionsfähig
sein	schwierig
ist	was
ist	klug
sein	Sie
gewesen	Elf
ist	viel
ist	seelenfreund
ist	hoch
ist	gleiche
ist	Übel
ist	Bestandteil
sein	leicht
ist	Schlangenbeschwörer
wäre	muss-
wäre	Fall
ist	todkrank
ist	Tochter
ist	Position
ist	alt
ist	schlimm
ist	geilste
ist	Frage
war	klar
ist	unlogisch
ist	unbestreitbar
ist	Fakt
ist	Abergläubisch
ist	Basis
ist	zuversichtlich
ist	auffällt
ist	schwierig
ist	Abgesehen
ist	mehr
ist	Themen
ist	möglich
sind	Zurückziehungsmöglichkeiten
ist	Kind
sind	einig
sind	Partner
ist	Vorteil
ist	gemein
sind	Satellitensystem
bleibt	fraglich
ist	Teil
ist	Hochgeschwindigkeits-Internetanschluss
ist	Alles
ist	was
ist	Recht
ist	Lindy
bin	erfreut
ist	Eigenverbrauchsquote
ist	VLH
waren	überrascht
ist	unmenschlich
ist	Partner
ist	gesund
geworden	etwas
geworden	Symbol
geworden	blutig
ist	interessant
gewesen	Ferienprogramm
ist	Freund
ist	Feind
ist	unhaltbar
ist	Solitär
ist	eines
ist	schlug
ist	Technologie
machen	hässlich
ist	funktionsfähig
sein	schwierig
ist	was
ist	klug
sein	Sie
gewesen	Elf
ist	viel
ist	seelenfreund
ist	hoch
ist	gleiche
ist	Übel
ist	Bestandteil
sein	leicht
ist	Schlangenbeschwörer
wäre	muss-
wäre	Fall
ist	todkrank
ist	Tochter
ist	Position
ist	alt
